fips,lat,lon
19001,41.33,-94.47
19003,41.03,-94.70
19005,43.28,-91.38
19007,40.74,-92.87
19009,41.69,-94.91
19011,42.08,-92.06
19013,42.47,-92.31
19015,42.04,-93.93
19017,42.77,-92.32
19019,42.47,-91.84
19021,42.74,-95.15
19023,42.73,-92.79
19025,42.38,-94.64
19027,42.04,-94.86
19029,41.33,-94.93
19031,41.77,-91.13
19033,43.08,-93.26
19035,42.73,-95.62
19037,43.06,-92.32
19039,41.03,-93.78
19041,43.08,-95.15
19043,42.84,-91.34
19045,41.90,-90.53
19047,42.04,-95.38
19049,41.69,-94.04
19051,40.75,-92.41
19053,40.74,-93.79
19055,42.47,-91.37
19057,40.92,-91.18
19059,43.38,-95.15
19061,42.47,-90.88
19063,43.38,-94.68
19065,42.86,-91.84
19067,43.06,-92.79
19069,42.73,-93.26
19071,40.75,-95.61
19073,42.04,-94.40
19075,42.40,-92.79
19077,41.68,-94.50
19079,42.38,-93.71
19081,43.08,-93.73
19083,42.38,-93.24
19085,41.68,-95.82
19087,40.99,-91.55
19089,43.36,-92.32
19091,42.78,-94.21
19093,42.39,-95.51
19095,41.69,-92.06
19097,42.17,-90.57
19099,41.69,-93.05
19101,41.03,-91.95
19103,41.67,-91.59
19105,42.12,-91.13
19107,41.34,-92.18
19109,43.20,-94.21
19111,40.64,-91.48
19113,42.08,-91.60
19115,41.22,-91.26
19117,41.03,-93.33
19119,43.38,-96.21
19121,41.33,-94.02
19123,41.34,-92.64
19125,41.34,-93.10
19127,42.04,-93.00
19129,41.03,-95.62
19131,43.36,-92.79
19133,42.05,-95.96
19135,41.03,-92.87
19137,41.03,-95.16
19139,41.48,-91.11
19141,43.08,-95.62
19143,43.38,-95.62
19145,40.74,-95.15
19147,43.08,-94.68
19149,42.74,-96.22
19151,42.73,-94.68
19153,41.69,-93.57
19155,41.34,-95.54
19157,41.69,-92.53
19159,40.73,-94.25
19161,42.39,-95.11
19163,41.64,-90.62
19165,41.69,-95.31
19167,43.08,-96.18
19169,42.04,-93.46
19171,42.08,-92.53
19173,40.74,-94.70
19175,41.03,-94.24
19177,40.75,-91.95
19179,41.03,-92.41
19181,41.33,-93.56
19183,41.34,-91.72
19185,40.74,-93.33
19187,42.43,-94.18
19189,43.38,-93.73
19191,43.29,-91.84
19193,42.39,-96.05
19195,43.38,-93.26
19197,42.73,-93.74
31001,40.52,-98.50
31003,42.18,-98.07
31005,41.57,-101.70
31007,41.55,-103.71
31009,41.91,-99.98
31011,41.71,-98.07
31013,42.22,-103.09
31015,42.90,-98.76
31017,42.43,-99.93
31019,40.85,-99.08
31021,41.85,-96.33
31023,41.23,-97.13
31025,40.91,-96.14
31027,42.60,-97.25
31029,40.52,-101.70
31031,42.55,-101.12
31033,41.22,-103.00
31035,40.52,-98.05
31037,41.57,-97.09
31039,41.92,-96.79
31041,41.39,-99.73
31043,42.39,-96.56
31045,42.72,-103.14
31047,40.87,-99.82
31049,41.11,-102.33
31051,42.49,-96.87
31053,41.58,-96.65
31055,41.30,-96.16
31057,40.18,-101.69
31059,40.52,-97.60
31061,40.18,-98.95
31063,40.53,-100.39
31065,40.18,-99.91
31067,40.26,-96.69
31069,41.62,-102.33
31071,41.91,-98.99
31073,40.52,-99.83
31075,41.92,-101.74
31077,41.57,-98.52
31079,40.87,-98.50
31081,40.87,-98.02
31083,40.18,-99.40
31085,40.52,-101.06
31087,40.18,-101.04
31089,42.45,-98.78
31091,41.92,-101.14
31093,41.22,-98.52
31095,40.18,-97.14
31097,40.39,-96.27
31099,40.51,-98.95
31101,41.20,-101.66
31103,42.88,-99.71
31105,41.20,-103.72
31107,42.64,-97.89
31109,40.78,-96.69
31111,41.05,-100.75
31113,41.57,-100.48
31115,41.91,-99.45
31117,41.57,-101.06
31119,41.92,-97.60
31121,41.17,-98.04
31123,41.72,-103.01
31125,41.40,-97.99
31127,40.39,-95.85
31129,40.18,-98.05
31131,40.65,-96.14
31133,40.13,-96.24
31135,40.85,-101.65
31137,40.51,-99.41
31139,42.26,-97.60
31141,41.57,-97.52
31143,41.19,-97.57
31145,40.18,-100.48
31147,40.12,-95.72
31149,42.42,-99.45
31151,40.52,-97.14
31153,41.11,-96.11
31155,41.23,-96.64
31157,41.85,-103.71
31159,40.87,-97.14
31161,42.50,-102.41
31163,41.22,-98.97
31165,42.49,-103.76
31167,41.92,-97.19
31169,40.18,-97.59
31171,41.91,-100.56
31173,42.16,-96.54
31175,41.57,-98.98
31177,41.53,-96.22
31179,42.21,-97.12
31181,40.18,-98.50
31183,41.91,-98.53
31185,40.87,-97.60
